{
  "log_volume_mean": 15.43904632008345,
  "log_volume_std": 0.5767852881893457
}