{
  "log_volume_mean": 15.168981509516685,
  "log_volume_std": 0.771952223323282
}